file,winner,F1,F2,F3,edit
b01ae,12,12,12,12,0
b01ah,19,19,19,19,0
b01aw,11,11,11,11,0
b01eh,15,15,15,15,0
b01ei,14,14,14,14,0
b01er,10,10,10,10,0
b01ih,14,14,14,14,0
b01iy,13,13,13,13,0
b01oa,17,17,17,17,0
b01oo,11,11,11,11,0
b01uh,10,10,10,10,0
b01uw,11,11,11,11,0
b02ae,4,4,4,4,0
b02ah,17,17,17,17,0
b02aw,11,11,11,11,0
b02eh,12,12,12,12,0
b02ei,14,14,14,14,0
b02er,1,1,1,1,0
b02ih,13,13,13,13,0
b02iy,13,13,13,13,0
b02oa,9,9,9,9,0
b02oo,12,12,12,12,0
b02uh,17,17,17,17,0
b02uw,5,5,5,5,0
b03ae,20,20,20,20,0
b03ah,20,20,20,20,0
b03aw,14,14,14,14,0
b03eh,3,3,3,3,0
b03ei,4,4,4,4,0
b03er,12,12,12,12,0
b03ih,15,15,15,15,0
b03iy,19,19,19,19,0
b03oa,9,9,9,9,0
b03oo,13,13,13,13,0
b03uh,20,20,20,20,0
b03uw,13,13,13,13,0
b04ae,14,14,14,14,0
b04ah,14,14,14,14,0
b04aw,11,11,11,11,0
b04eh,14,14,14,14,0
b04ei,14,14,14,14,0
b04er,10,10,10,10,0
b04ih,17,17,17,17,0
b04iy,14,14,14,14,0
b04oa,11,11,11,11,0
b04oo,12,12,12,12,0
b04uh,11,11,11,11,0
b04uw,6,6,6,6,0
b05ae,1,1,1,1,0
b05ah,14,14,14,14,0
b05aw,13,13,13,13,0
b05eh,9,9,9,9,0
b05ei,12,12,12,12,0
b05er,7,7,7,7,0
b05ih,12,12,12,12,0
b05iy,9,9,9,9,0
b05oa,7,7,7,7,0
b05oo,10,10,10,10,0
b05uh,11,11,11,11,0
b05uw,10,10,10,10,0
b07ae,10,10,10,10,0
b07ah,18,18,18,18,0
b07aw,9,9,9,9,0
b07eh,15,15,15,15,0
b07ei,19,19,19,19,0
b07er,10,10,10,10,0
b07ih,15,15,15,15,0
b07iy,6,6,6,6,0
b07oa,11,11,11,11,0
b07oo,14,14,14,14,0
b07uh,14,14,14,14,0
b07uw,6,6,6,6,0
b08ae,10,10,10,10,0
b08ah,11,11,11,11,0
b08aw,10,10,10,10,0
b08eh,13,13,13,13,0
b08ei,11,11,11,11,0
b08er,4,4,4,4,0
b08ih,11,11,11,11,0
b08iy,1,1,1,1,0
b08oa,4,4,4,4,0
b08oo,7,7,7,7,0
b08uh,8,8,8,8,0
b08uw,9,9,9,9,0
b09ae,20,20,20,20,0
b09ah,14,14,14,14,0
b09aw,9,9,9,9,0
b09eh,12,12,12,12,0
b09ei,8,8,8,8,0
b09er,7,7,7,7,0
b09ih,12,12,12,12,0
b09iy,12,12,12,12,0
b09oa,7,7,7,7,0
b09oo,9,9,9,9,0
b09uh,10,10,10,10,0
b09uw,10,10,10,10,0
b10ae,15,15,15,15,0
b10ah,14,14,14,14,0
b10aw,7,7,7,7,0
b10eh,12,12,12,12,0
b10ei,15,15,15,15,0
b10er,8,8,8,8,0
b10ih,9,9,9,9,0
b10iy,13,13,13,13,0
b10oa,7,7,7,7,0
b10oo,11,11,11,11,0
b10uh,10,10,10,10,0
b10uw,10,10,10,10,0
b11ae,14,14,14,14,0
b11ah,9,9,9,9,0
b11aw,15,15,15,15,0
b11eh,20,20,20,20,0
b11ei,15,15,15,15,0
b11er,5,5,5,5,0
b11ih,13,13,13,13,0
b11iy,12,12,12,12,0
b11oa,7,7,7,7,0
b11oo,12,12,12,12,0
b11uh,16,16,16,16,0
b11uw,12,12,12,12,0
b12ae,19,19,19,19,0
b12ah,18,18,18,18,0
b12aw,15,15,15,15,0
b12eh,20,20,20,20,0
b12ei,18,18,18,18,0
b12er,12,12,12,12,0
b12ih,17,17,17,17,0
b12iy,13,13,13,13,0
b12oa,9,9,9,9,0
b12oo,13,13,13,13,0
b12uh,20,20,20,20,0
b12uw,14,14,14,14,0
b13ae,15,15,15,15,0
b13ah,9,9,9,9,0
b13aw,11,11,11,11,0
b13eh,13,13,13,13,0
b13ei,13,13,13,13,0
b13er,7,7,7,7,0
b13ih,20,20,20,20,0
b13iy,17,17,17,17,0
b13oa,7,7,7,7,0
b13oo,16,16,16,16,0
b13uh,10,10,10,10,0
b13uw,8,8,8,8,0
b14ae,19,19,19,19,0
b14ah,1,1,1,1,0
b14aw,13,13,13,13,0
b14eh,12,12,12,12,0
b14ei,12,12,12,12,0
b14er,8,8,8,8,0
b14ih,11,11,11,11,0
b14iy,12,12,12,12,0
b14oa,9,9,9,9,0
b14oo,8,8,8,8,0
b14uh,15,15,15,15,0
b14uw,10,10,10,10,0
b15ae,16,16,16,16,0
b15ah,13,13,13,13,0
b15aw,16,16,16,16,0
b15eh,11,11,11,11,0
b15ei,13,13,13,13,0
b15er,5,5,5,5,0
b15ih,14,14,14,14,0
b15iy,16,16,16,16,0
b15oa,20,20,20,20,0
b15oo,7,7,7,7,0
b15uh,19,19,19,19,0
b15uw,6,6,6,6,0
b16ae,16,16,16,16,0
b16ah,12,12,12,12,0
b16aw,8,8,8,8,0
b16eh,14,14,14,14,0
b16ei,15,15,15,15,0
b16er,4,4,4,4,0
b16ih,10,10,10,10,0
b16iy,8,8,8,8,0
b16oa,9,9,9,9,0
b16oo,13,13,13,13,0
b16uh,7,7,7,7,0
b16uw,8,8,8,8,0
b17ae,17,17,17,17,0
b17ah,9,9,9,9,0
b17aw,15,15,15,15,0
b17eh,11,11,11,11,0
b17ei,10,10,10,10,0
b17er,8,8,8,8,0
b17ih,15,15,15,15,0
b17iy,11,11,11,11,0
b17oa,17,17,17,17,0
b17oo,14,14,14,14,0
b17uh,16,16,16,16,0
b17uw,2,2,2,2,0
b18ae,13,13,13,13,0
b18ah,13,13,13,13,0
b18aw,11,11,11,11,0
b18eh,12,12,12,12,0
b18ei,20,20,20,20,0
b18er,8,8,8,8,0
b18ih,13,13,13,13,0
b18iy,19,19,19,19,0
b18oa,8,8,8,8,0
b18oo,8,8,8,8,0
b18uh,9,9,9,9,0
b18uw,12,12,12,12,0
b19ae,12,12,12,12,0
b19ah,18,18,18,18,0
b19aw,14,14,14,14,0
b19eh,10,10,10,10,0
b19ei,16,16,16,16,0
b19er,7,7,7,7,0
b19ih,10,10,10,10,0
b19iy,16,16,16,16,0
b19oa,8,8,8,8,0
b19oo,8,8,8,8,0
b19uh,9,9,9,9,0
b19uw,8,8,8,8,0
b21ae,15,15,15,15,0
b21ah,9,9,9,9,0
b21aw,12,12,12,12,0
b21eh,8,8,8,8,0
b21ei,11,11,11,11,0
b21er,3,3,3,3,0
b21ih,8,8,8,8,0
b21iy,13,13,13,13,0
b21oa,12,12,12,12,0
b21oo,5,5,5,5,0
b21uh,12,12,12,12,0
b21uw,4,4,4,4,0
b22ae,15,15,15,15,0
b22ah,10,10,10,10,0
b22aw,9,9,9,9,0
b22eh,15,15,15,15,0
b22ei,11,11,11,11,0
b22er,4,4,4,4,0
b22ih,13,13,13,13,0
b22iy,9,9,9,9,0
b22oa,7,7,7,7,0
b22oo,14,14,14,14,0
b22uh,15,15,15,15,0
b22uw,6,6,6,6,0
b23ae,15,15,15,15,0
b23ah,16,16,16,16,0
b23aw,16,16,16,16,0
b23eh,17,17,17,17,0
b23ei,13,13,13,13,0
b23er,10,10,10,10,0
b23ih,12,12,12,12,0
b23iy,15,15,15,15,0
b23oa,13,13,13,13,0
b23oo,9,9,9,9,0
b23uh,11,11,11,11,0
b23uw,9,9,9,9,0
b24ae,15,15,15,15,0
b24ah,8,8,8,8,0
b24aw,7,7,7,7,0
b24eh,14,14,14,14,0
b24ei,11,11,11,11,0
b24er,10,10,10,10,0
b24ih,8,8,8,8,0
b24iy,12,12,12,12,0
b24oa,12,12,12,12,0
b24oo,7,7,7,7,0
b24uh,15,15,15,15,0
b24uw,7,7,7,7,0
b25ae,10,10,10,10,0
b25ah,11,11,11,11,0
b25aw,8,8,8,8,0
b25eh,14,14,14,14,0
b25ei,18,18,18,18,0
b25er,9,9,9,9,0
b25ih,12,12,12,12,0
b25iy,13,13,13,13,0
b25oa,8,8,8,8,0
b25oo,8,8,8,8,0
b25uh,7,7,7,7,0
b25uw,7,7,7,7,0
b26ae,1,1,1,1,0
b26ah,10,10,10,10,0
b26aw,8,8,8,8,0
b26eh,16,16,16,16,0
b26ei,12,12,12,12,0
b26er,4,4,4,4,0
b26ih,15,15,15,15,0
b26iy,18,18,18,18,0
b26oa,6,6,6,6,0
b26oo,10,10,10,10,0
b26uh,9,9,9,9,0
b26uw,10,10,10,10,0
b27ae,15,15,15,15,0
b27ah,14,14,14,14,0
b27aw,10,10,10,10,0
b27eh,11,11,11,11,0
b27ei,17,17,17,17,0
b27er,7,7,7,7,0
b27ih,18,18,18,18,0
b27iy,8,8,8,8,0
b27oa,7,7,7,7,0
b27oo,17,17,17,17,0
b27uh,13,13,13,13,0
b27uw,6,6,6,6,0
b28ae,14,14,14,14,0
b28ah,9,9,9,9,0
b28aw,7,7,7,7,0
b28eh,11,11,11,11,0
b28ei,11,11,11,11,0
b28er,5,5,5,5,0
b28ih,12,12,12,12,0
b28iy,15,15,15,15,0
b28oa,4,4,4,4,0
b28oo,5,5,5,5,0
b28uh,9,9,9,9,0
b28uw,1,1,1,1,0
b29ae,20,20,20,20,0
b29ah,9,9,9,9,0
b29aw,10,10,10,10,0
b29eh,20,20,20,20,0
b29ei,20,20,20,20,0
b29er,5,5,5,5,0
b29ih,8,8,8,8,0
b29iy,9,9,9,9,0
b29oa,15,15,15,15,0
b29oo,7,7,7,7,0
b29uh,7,7,7,7,0
b29uw,5,5,5,5,0
g01ae,13,13,13,13,0
g01ah,17,17,17,17,0
g01aw,14,14,14,14,0
g01eh,16,16,16,16,0
g01ei,9,9,9,9,0
g01er,5,5,5,5,0
g01ih,12,12,12,12,0
g01iy,10,10,10,10,0
g01oa,5,5,5,5,0
g01oo,18,18,18,18,0
g01uh,10,10,10,10,0
g01uw,7,7,7,7,0
g02ae,2,2,2,2,0
g02ah,7,7,7,7,0
g02aw,13,13,13,13,0
g02eh,1,1,1,1,0
g02ei,15,15,15,15,0
g02er,10,10,10,10,0
g02ih,20,20,20,20,0
g02iy,14,14,14,14,0
g02oa,8,8,8,8,0
g02oo,12,12,12,12,0
g02uh,15,15,15,15,0
g02uw,14,14,14,14,0
g04ae,19,19,19,19,0
g04ah,13,13,13,13,0
g04aw,12,12,12,12,0
g04eh,14,14,14,14,0
g04ei,20,20,20,20,0
g04er,8,8,8,8,0
g04ih,15,15,15,15,0
g04iy,8,8,8,8,0
g04oa,17,17,17,17,0
g04oo,10,10,10,10,0
g04uh,9,9,9,9,0
g04uw,9,9,9,9,0
g05ae,14,14,14,14,0
g05ah,14,14,14,14,0
g05aw,14,14,14,14,0
g05eh,19,19,19,19,0
g05ei,13,13,13,13,0
g05er,7,7,7,7,0
g05ih,14,14,14,14,0
g05iy,11,11,11,11,0
g05oa,12,12,12,12,0
g05oo,12,12,12,12,0
g05uh,10,10,10,10,0
g05uw,13,13,13,13,0
g06ae,16,16,16,16,0
g06ah,16,16,16,16,0
g06aw,13,13,13,13,0
g06eh,17,17,17,17,0
g06ei,19,19,19,19,0
g06er,10,10,10,10,0
g06ih,15,15,15,15,0
g06iy,19,19,19,19,0
g06oa,10,10,10,10,0
g06oo,13,13,13,13,0
g06uh,12,12,12,12,0
g06uw,12,12,12,12,0
g07ae,20,20,20,20,0
g07ah,18,18,18,18,0
g07aw,6,6,6,6,0
g07eh,11,11,11,11,0
g07ei,11,11,11,11,0
g07er,5,5,5,5,0
g07ih,11,11,11,11,0
g07iy,11,11,11,11,0
g07oa,7,7,7,7,0
g07oo,7,7,7,7,0
g07uh,9,9,9,9,0
g07uw,14,14,14,14,0
g08ae,17,17,17,17,0
g08ah,14,14,14,14,0
g08aw,11,11,11,11,0
g08eh,1,1,1,1,0
g08ei,18,18,18,18,0
g08er,5,5,5,5,0
g08ih,16,16,16,16,0
g08iy,18,18,18,18,0
g08oa,8,8,8,8,0
g08oo,11,11,11,11,0
g08uh,10,10,10,10,0
g08uw,3,3,3,3,0
g09ae,16,16,16,16,0
g09ah,15,15,15,15,0
g09aw,14,14,14,14,0
g09eh,15,15,15,15,0
g09ei,18,18,18,18,0
g09er,8,8,8,8,0
g09ih,15,15,15,15,0
g09iy,17,17,17,17,0
g09oa,11,11,11,11,0
g09oo,20,20,20,20,0
g09uh,16,16,16,16,0
g09uw,9,9,9,9,0
g10ae,17,17,17,17,0
g10ah,14,14,14,14,0
g10aw,11,11,11,11,0
g10eh,1,1,1,1,0
g10ei,1,1,1,1,0
g10er,8,8,8,8,0
g10ih,14,14,14,14,0
g10iy,17,17,17,17,0
g10oa,10,10,10,10,0
g10oo,11,11,11,11,0
g10uh,15,15,15,15,0
g10uw,11,11,11,11,0
g11ae,10,10,10,10,0
g11ah,10,10,10,10,0
g11aw,10,10,10,10,0
g11eh,12,12,12,12,0
g11ei,9,9,9,9,0
g11er,4,4,4,4,0
g11ih,19,19,19,19,0
g11iy,11,11,11,11,0
g11oa,5,5,5,5,0
g11oo,8,8,8,8,0
g11uh,6,6,6,6,0
g11uw,6,6,6,6,0
g12ae,20,20,20,20,0
g12ah,18,18,18,18,0
g12aw,18,18,18,18,0
g12eh,15,15,15,15,0
g12ei,13,13,13,13,0
g12er,11,11,11,11,0
g12ih,11,11,11,11,0
g12iy,16,16,16,16,0
g12oa,17,17,17,17,0
g12oo,18,18,18,18,0
g12uh,11,11,11,11,0
g12uw,8,8,8,8,0
g13ae,18,18,18,18,0
g13ah,13,13,13,13,0
g13aw,14,14,14,14,0
g13eh,5,5,5,5,0
g13ei,17,17,17,17,0
g13er,8,8,8,8,0
g13ih,15,15,15,15,0
g13iy,15,15,15,15,0
g13oa,9,9,9,9,0
g13oo,16,16,16,16,0
g13uh,13,13,13,13,0
g13uw,7,7,7,7,0
g14ae,12,12,12,12,0
g14ah,11,11,11,11,0
g14aw,14,14,14,14,0
g14eh,9,9,9,9,0
g14ei,9,9,9,9,0
g14er,3,3,3,3,0
g14ih,8,8,8,8,0
g14iy,7,7,7,7,0
g14oa,3,3,3,3,0
g14oo,5,5,5,5,0
g14uh,8,8,8,8,0
g14uw,3,3,3,3,0
g15ae,19,19,19,19,0
g15ah,16,16,16,16,0
g15aw,12,12,12,12,0
g15eh,19,19,19,19,0
g15ei,19,19,19,19,0
g15er,8,8,8,8,0
g15ih,19,19,19,19,0
g15iy,20,20,20,20,0
g15oa,12,12,12,12,0
g15oo,12,12,12,12,0
g15uh,12,12,12,12,0
g15uw,19,19,19,19,0
g17ae,11,11,11,11,0
g17ah,9,9,9,9,0
g17aw,8,8,8,8,0
g17eh,9,9,9,9,0
g17ei,10,10,10,10,0
g17er,6,6,6,6,0
g17ih,14,14,14,14,0
g17iy,9,9,9,9,0
g17oa,6,6,6,6,0
g17oo,13,13,13,13,0
g17uh,7,7,7,7,0
g17uw,7,7,7,7,0
g18ae,1,1,1,1,0
g18ah,12,12,12,12,0
g18aw,11,11,11,11,0
g18eh,17,17,17,17,0
g18ei,14,14,14,14,0
g18er,9,9,9,9,0
g18ih,15,15,15,15,0
g18iy,15,15,15,15,0
g18oa,18,18,18,18,0
g18oo,11,11,11,11,0
g18uh,14,14,14,14,0
g18uw,12,12,12,12,0
g19ae,1,1,1,1,0
g19ah,11,11,11,11,0
g19aw,15,15,15,15,0
g19eh,18,18,18,18,0
g19ei,20,20,20,20,0
g19er,10,10,10,10,0
g19ih,19,19,19,19,0
g19iy,14,14,14,14,0
g19oa,11,11,11,11,0
g19oo,15,15,15,15,0
g19uh,14,14,14,14,0
g19uw,11,11,11,11,0
g20ae,1,1,1,1,0
g20ah,13,13,13,13,0
g20aw,12,12,12,12,0
g20eh,1,1,1,1,0
g20ei,19,19,19,19,0
g20er,9,9,9,9,0
g20ih,18,18,18,18,0
g20iy,18,18,18,18,0
g20oa,12,12,12,12,0
g20oo,10,10,10,10,0
g20uh,12,12,12,12,0
g20uw,10,10,10,10,0
g21ae,1,1,1,1,0
g21ah,12,12,12,12,0
g21aw,11,11,11,11,0
g21eh,5,5,5,5,0
g21ei,12,12,12,12,0
g21er,7,7,7,7,0
g21ih,12,12,12,12,0
g21iy,19,19,19,19,0
g21oa,10,10,10,10,0
g21oo,12,12,12,12,0
g21uh,11,11,11,11,0
g21uw,10,10,10,10,0
m01ae,10,10,10,10,0
m01ah,9,9,9,9,0
m01aw,10,10,10,10,0
m01eh,10,10,10,10,0
m01ei,10,10,10,10,0
m01er,1,1,1,1,0
m01ih,12,12,12,12,0
m01iy,8,8,8,8,0
m01oa,4,4,4,4,0
m01oo,8,8,8,8,0
m01uh,6,6,6,6,0
m01uw,2,2,2,2,0
m02ae,10,10,10,10,0
m02ah,7,7,7,7,0
m02aw,4,4,4,4,0
m02eh,5,5,5,5,0
m02ei,4,4,4,4,0
m02er,1,1,1,1,0
m02ih,4,4,4,4,0
m02iy,8,8,8,8,0
m02oa,2,2,2,2,0
m02oo,2,2,2,2,0
m02uh,1,1,1,1,0
m02uw,3,3,3,3,0
m03ae,8,8,8,8,0
m03ah,4,4,4,4,0
m03aw,9,9,9,9,0
m03eh,3,3,3,3,0
m03ei,15,15,15,15,0
m03er,1,1,1,1,0
m03ih,4,4,4,4,0
m03iy,11,11,11,11,0
m03oa,5,5,5,5,0
m03oo,6,6,6,6,0
m03uh,5,5,5,5,0
m03uw,2,2,2,2,0
m04ae,5,5,5,5,0
m04ah,7,7,7,7,0
m04aw,1,1,1,1,0
m04eh,2,2,2,2,0
m04ei,3,3,3,3,0
m04er,14,14,14,14,0
m04ih,3,3,3,3,0
m04iy,9,9,9,9,0
m04oa,1,1,1,1,0
m04oo,1,1,1,1,0
m04uh,3,3,3,3,0
m04uw,1,1,1,1,0
m06ae,6,6,6,6,0
m06ah,10,10,10,10,0
m06aw,5,5,5,5,0
m06eh,5,5,5,5,0
m06ei,1,1,1,1,0
m06er,1,1,1,1,0
m06ih,1,1,1,1,0
m06iy,1,1,1,1,0
m06oa,5,5,5,5,0
m06oo,4,4,4,4,0
m06uh,4,4,4,4,0
m06uw,1,1,1,1,0
m07ae,5,5,5,5,0
m07ah,6,6,6,6,0
m07aw,5,5,5,5,0
m07eh,14,14,14,14,0
m07ei,8,8,8,8,0
m07er,6,6,6,6,0
m07ih,14,14,14,14,0
m07iy,7,7,7,7,0
m07oa,4,4,4,4,0
m07oo,4,4,4,4,0
m07uh,9,9,9,9,0
m07uw,3,3,3,3,0
m08ae,9,9,9,9,0
m08ah,4,4,4,4,0
m08aw,6,6,6,6,0
m08eh,4,4,4,4,0
m08ei,8,8,8,8,0
m08er,1,1,1,1,0
m08ih,9,9,9,9,0
m08iy,8,8,8,8,0
m08oa,2,2,2,2,0
m08oo,2,2,2,2,0
m08uh,6,6,6,6,0
m08uw,5,5,5,5,0
m09ae,5,5,5,5,0
m09ah,10,10,10,10,0
m09aw,6,6,6,6,0
m09eh,6,6,6,6,0
m09ei,7,7,7,7,0
m09er,3,3,3,3,0
m09ih,11,11,11,11,0
m09iy,6,6,6,6,0
m09oa,10,10,10,10,0
m09oo,5,5,5,5,0
m09uh,5,5,5,5,0
m09uw,5,5,5,5,0
m10ae,20,20,20,20,0
m10ah,10,10,10,10,0
m10aw,1,1,1,1,0
m10eh,12,12,12,12,0
m10ei,9,9,9,9,0
m10er,1,1,1,1,0
m10ih,1,1,1,1,0
m10iy,3,3,3,3,0
m10oa,11,11,11,11,0
m10oo,1,1,1,1,0
m10uh,4,4,4,4,0
m10uw,1,1,1,1,0
m11ae,6,6,6,6,0
m11ah,6,6,6,6,0
m11aw,9,9,9,9,0
m11eh,11,11,11,11,0
m11ei,16,16,16,16,0
m11er,2,2,2,2,0
m11ih,6,6,6,6,0
m11iy,20,20,20,20,0
m11oa,3,3,3,3,0
m11oo,2,2,2,2,0
m11uh,8,8,8,8,0
m11uw,1,1,1,1,0
m13ae,11,11,11,11,0
m13ah,7,7,7,7,0
m13aw,11,11,11,11,0
m13eh,5,5,5,5,0
m13ei,5,5,5,5,0
m13er,2,2,2,2,0
m13ih,13,13,13,13,0
m13iy,14,14,14,14,0
m13oa,8,8,8,8,0
m13oo,1,1,1,1,0
m13uh,13,13,13,13,0
m13uw,8,8,8,8,0
m14ae,6,6,6,6,0
m14ah,6,6,6,6,0
m14aw,4,4,4,4,0
m14eh,6,6,6,6,0
m14ei,4,4,4,4,0
m14er,5,5,5,5,0
m14ih,7,7,7,7,0
m14iy,4,4,4,4,0
m14oa,6,6,6,6,0
m14oo,2,2,2,2,0
m14uh,9,9,9,9,0
m14uw,3,3,3,3,0
m16ae,15,15,15,15,0
m16ah,9,9,9,9,0
m16aw,4,4,4,4,0
m16eh,1,1,1,1,0
m16ei,1,1,1,1,0
m16er,4,4,4,4,0
m16ih,8,8,8,8,0
m16iy,12,12,12,12,0
m16oa,3,3,3,3,0
m16oo,3,3,3,3,0
m16uh,2,2,2,2,0
m16uw,3,3,3,3,0
m17ae,7,7,7,7,0
m17ah,8,8,8,8,0
m17aw,2,2,2,2,0
m17eh,3,3,3,3,0
m17ei,10,10,10,10,0
m17er,1,1,1,1,0
m17ih,10,10,10,10,0
m17iy,8,8,8,8,0
m17oa,1,1,1,1,0
m17oo,3,3,3,3,0
m17uh,8,8,8,8,0
m17uw,2,2,2,2,0
m18ae,13,13,13,13,0
m18ah,8,8,8,8,0
m18aw,9,9,9,9,0
m18eh,13,13,13,13,0
m18ei,10,10,10,10,0
m18er,7,7,7,7,0
m18ih,9,9,9,9,0
m18iy,7,7,7,7,0
m18oa,7,7,7,7,0
m18oo,11,11,11,11,0
m18uh,14,14,14,14,0
m18uw,7,7,7,7,0
m19ae,6,6,6,6,0
m19ah,16,16,16,16,0
m19aw,9,9,9,9,0
m19eh,10,10,10,10,0
m19ei,20,20,20,20,0
m19er,9,9,9,9,0
m19ih,14,14,14,14,0
m19iy,14,14,14,14,0
m19oa,6,6,6,6,0
m19oo,5,5,5,5,0
m19uh,6,6,6,6,0
m19uw,7,7,7,7,0
m20ae,14,14,14,14,0
m20ah,14,14,14,14,0
m20aw,13,13,13,13,0
m20eh,15,15,15,15,0
m20ei,13,13,13,13,0
m20er,4,4,4,4,0
m20ih,9,9,9,9,0
m20iy,20,20,20,20,0
m20oa,8,8,8,8,0
m20oo,10,10,10,10,0
m20uh,12,12,12,12,0
m20uw,9,9,9,9,0
m21ae,1,1,1,1,0
m21ah,3,3,3,3,0
m21aw,1,1,1,1,0
m21eh,1,1,1,1,0
m21ei,1,1,1,1,0
m21er,4,4,4,4,0
m21ih,5,5,5,5,0
m21iy,8,8,8,8,0
m21oa,3,3,3,3,0
m21oo,1,1,1,1,0
m21uh,1,1,1,1,0
m21uw,6,6,6,6,0
m22ae,7,7,7,7,0
m22ah,7,7,7,7,0
m22aw,6,6,6,6,0
m22eh,14,14,14,14,0
m22ei,9,9,9,9,0
m22er,2,2,2,2,0
m22ih,8,8,8,8,0
m22iy,6,6,6,6,0
m22oa,6,6,6,6,0
m22oo,9,9,9,9,0
m22uh,7,7,7,7,0
m22uw,3,3,3,3,0
m23ae,6,6,6,6,0
m23ah,7,7,7,7,0
m23aw,6,6,6,6,0
m23eh,1,1,1,1,0
m23ei,5,5,5,5,0
m23er,6,6,6,6,0
m23ih,4,4,4,4,0
m23iy,5,5,5,5,0
m23oa,8,8,8,8,0
m23oo,3,3,3,3,0
m23uh,6,6,6,6,0
m23uw,4,4,4,4,0
m24ae,9,9,9,9,0
m24ah,5,5,5,5,0
m24aw,10,10,10,10,0
m24eh,11,11,11,11,0
m24ei,11,11,11,11,0
m24er,5,5,5,5,0
m24ih,10,10,10,10,0
m24iy,10,10,10,10,0
m24oa,10,10,10,10,0
m24oo,6,6,6,6,0
m24uh,10,10,10,10,0
m24uw,8,8,8,8,0
m25ae,7,7,7,7,0
m25ah,12,12,12,12,0
m25aw,1,1,1,1,0
m25eh,8,8,8,8,0
m25ei,9,9,9,9,0
m25er,6,6,6,6,0
m25ih,9,9,9,9,0
m25iy,8,8,8,8,0
m25oa,3,3,3,3,0
m25oo,10,10,10,10,0
m25uh,12,12,12,12,0
m25uw,5,5,5,5,0
m26ae,7,7,7,7,0
m26ah,12,12,12,12,0
m26aw,7,7,7,7,0
m26eh,7,7,7,7,0
m26ei,5,5,5,5,0
m26er,1,1,1,1,0
m26ih,7,7,7,7,0
m26iy,1,1,1,1,0
m26oa,2,2,2,2,0
m26oo,3,3,3,3,0
m26uh,3,3,3,3,0
m26uw,3,3,3,3,0
m27ae,5,5,5,5,0
m27ah,10,10,10,10,0
m27aw,7,7,7,7,0
m27eh,3,3,3,3,0
m27ei,2,2,2,2,0
m27er,1,1,1,1,0
m27ih,4,4,4,4,0
m27iy,6,6,6,6,0
m27oa,4,4,4,4,0
m27oo,1,1,1,1,0
m27uh,9,9,9,9,0
m27uw,5,5,5,5,0
m28ae,10,10,10,10,0
m28ah,11,11,11,11,0
m28aw,4,4,4,4,0
m28eh,7,7,7,7,0
m28ei,6,6,6,6,0
m28er,4,4,4,4,0
m28ih,7,7,7,7,0
m28iy,15,15,15,15,0
m28oa,2,2,2,2,0
m28oo,1,1,1,1,0
m28uh,4,4,4,4,0
m28uw,3,3,3,3,0
m29ae,10,10,10,10,0
m29ah,11,11,11,11,0
m29aw,7,7,7,7,0
m29eh,4,4,4,4,0
m29ei,10,10,10,10,0
m29er,2,2,2,2,0
m29ih,13,13,13,13,0
m29iy,5,5,5,5,0
m29oa,8,8,8,8,0
m29oo,7,7,7,7,0
m29uh,11,11,11,11,0
m29uw,7,7,7,7,0
m30ae,12,12,12,12,0
m30ah,6,6,6,6,0
m30aw,8,8,8,8,0
m30eh,8,8,8,8,0
m30ei,11,11,11,11,0
m30er,2,2,2,2,0
m30ih,4,4,4,4,0
m30iy,11,11,11,11,0
m30oa,5,5,5,5,0
m30oo,2,2,2,2,0
m30uh,5,5,5,5,0
m30uw,8,8,8,8,0
m31ae,6,6,6,6,0
m31ah,7,7,7,7,0
m31aw,2,2,2,2,0
m31eh,4,4,4,4,0
m31ei,4,4,4,4,0
m31er,1,1,1,1,0
m31ih,9,9,9,9,0
m31iy,4,4,4,4,0
m31oa,1,1,1,1,0
m31oo,3,3,3,3,0
m31uh,4,4,4,4,0
m31uw,8,8,8,8,0
m32ae,13,13,13,13,0
m32ah,8,8,8,8,0
m32aw,7,7,7,7,0
m32eh,9,9,9,9,0
m32ei,6,6,6,6,0
m32er,3,3,3,3,0
m32ih,4,4,4,4,0
m32iy,8,8,8,8,0
m32oa,9,9,9,9,0
m32oo,7,7,7,7,0
m32uh,3,3,3,3,0
m32uw,9,9,9,9,0
m33ae,6,6,6,6,0
m33ah,8,8,8,8,0
m33aw,3,3,3,3,0
m33eh,8,8,8,8,0
m33ei,7,7,7,7,0
m33er,8,8,8,8,0
m33ih,12,12,12,12,0
m33iy,6,6,6,6,0
m33oa,2,2,2,2,0
m33oo,11,11,11,11,0
m33uh,4,4,4,4,0
m33uw,5,5,5,5,0
m34ae,1,1,1,1,0
m34ah,2,2,2,2,0
m34aw,1,1,1,1,0
m34eh,4,4,4,4,0
m34ei,4,4,4,4,0
m34er,1,1,1,1,0
m34ih,5,5,5,5,0
m34iy,1,1,1,1,0
m34oa,1,1,1,1,0
m34oo,9,9,9,9,0
m34uh,2,2,2,2,0
m34uw,2,2,2,2,0
m35ae,5,5,5,5,0
m35ah,8,8,8,8,0
m35aw,4,4,4,4,0
m35eh,2,2,2,2,0
m35ei,6,6,6,6,0
m35er,2,2,2,2,0
m35ih,5,5,5,5,0
m35iy,2,2,2,2,0
m35oa,1,1,1,1,0
m35oo,5,5,5,5,0
m35uh,5,5,5,5,0
m35uw,1,1,1,1,0
m36ae,14,14,14,14,0
m36ah,16,16,16,16,0
m36aw,7,7,7,7,0
m36eh,3,3,3,3,0
m36ei,10,10,10,10,0
m36er,8,8,8,8,0
m36ih,9,9,9,9,0
m36iy,11,11,11,11,0
m36oa,6,6,6,6,0
m36oo,13,13,13,13,0
m36uh,15,15,15,15,0
m36uw,4,4,4,4,0
m37ae,1,1,1,1,0
m37ah,7,7,7,7,0
m37aw,9,9,9,9,0
m37eh,6,6,6,6,0
m37ei,20,20,20,20,0
m37er,1,1,1,1,0
m37ih,6,6,6,6,0
m37iy,6,6,6,6,0
m37oa,4,4,4,4,0
m37oo,1,1,1,1,0
m37uh,6,6,6,6,0
m37uw,3,3,3,3,0
m38ae,5,5,5,5,0
m38ah,9,9,9,9,0
m38aw,10,10,10,10,0
m38eh,4,4,4,4,0
m38ei,6,6,6,6,0
m38er,8,8,8,8,0
m38ih,5,5,5,5,0
m38iy,6,6,6,6,0
m38oa,8,8,8,8,0
m38oo,6,6,6,6,0
m38uh,5,5,5,5,0
m38uw,2,2,2,2,0
m39ae,10,10,10,10,0
m39ah,4,4,4,4,0
m39aw,4,4,4,4,0
m39eh,5,5,5,5,0
m39ei,2,2,2,2,0
m39er,1,1,1,1,0
m39ih,5,5,5,5,0
m39iy,8,8,8,8,0
m39oa,2,2,2,2,0
m39oo,1,1,1,1,0
m39uh,3,3,3,3,0
m39uw,1,1,1,1,0
m40ae,6,6,6,6,0
m40ah,2,2,2,2,0
m40aw,2,2,2,2,0
m40eh,5,5,5,5,0
m40ei,5,5,5,5,0
m40er,2,2,2,2,0
m40ih,10,10,10,10,0
m40iy,13,13,13,13,0
m40oa,3,3,3,3,0
m40oo,7,7,7,7,0
m40uh,4,4,4,4,0
m40uw,1,1,1,1,0
m41ae,10,10,10,10,0
m41ah,7,7,7,7,0
m41aw,4,4,4,4,0
m41eh,3,3,3,3,0
m41ei,4,4,4,4,0
m41er,2,2,2,2,0
m41ih,5,5,5,5,0
m41iy,2,2,2,2,0
m41oa,4,4,4,4,0
m41oo,1,1,1,1,0
m41uh,3,3,3,3,0
m41uw,7,7,7,7,0
m42ae,4,4,4,4,0
m42ah,8,8,8,8,0
m42aw,3,3,3,3,0
m42eh,4,4,4,4,0
m42ei,13,13,13,13,0
m42er,8,8,8,8,0
m42ih,1,1,1,1,0
m42iy,15,15,15,15,0
m42oa,3,3,3,3,0
m42oo,9,9,9,9,0
m42uh,6,6,6,6,0
m42uw,8,8,8,8,0
m44ae,18,18,18,18,0
m44ah,12,12,12,12,0
m44aw,10,10,10,10,0
m44eh,11,11,11,11,0
m44ei,11,11,11,11,0
m44er,2,2,2,2,0
m44ih,11,11,11,11,0
m44iy,8,8,8,8,0
m44oa,8,8,8,8,0
m44oo,6,6,6,6,0
m44uh,8,8,8,8,0
m44uw,6,6,6,6,0
m45ae,20,20,20,20,0
m45ah,5,5,5,5,0
m45aw,7,7,7,7,0
m45eh,8,8,8,8,0
m45ei,12,12,12,12,0
m45er,2,2,2,2,0
m45ih,7,7,7,7,0
m45iy,20,20,20,20,0
m45oa,7,7,7,7,0
m45oo,2,2,2,2,0
m45uh,10,10,10,10,0
m45uw,1,1,1,1,0
m47ae,9,9,9,9,0
m47ah,4,4,4,4,0
m47aw,10,10,10,10,0
m47eh,9,9,9,9,0
m47ei,7,7,7,7,0
m47er,3,3,3,3,0
m47ih,7,7,7,7,0
m47iy,6,6,6,6,0
m47oa,2,2,2,2,0
m47oo,2,2,2,2,0
m47uh,9,9,9,9,0
m47uw,2,2,2,2,0
m48ae,5,5,5,5,0
m48ah,6,6,6,6,0
m48aw,3,3,3,3,0
m48eh,5,5,5,5,0
m48ei,5,5,5,5,0
m48er,2,2,2,2,0
m48ih,3,3,3,3,0
m48iy,19,19,19,19,0
m48oa,4,4,4,4,0
m48oo,2,2,2,2,0
m48uh,5,5,5,5,0
m48uw,8,8,8,8,0
m49ae,4,4,4,4,0
m49ah,9,9,9,9,0
m49aw,2,2,2,2,0
m49eh,7,7,7,7,0
m49ei,6,6,6,6,0
m49er,6,6,6,6,0
m49ih,2,2,2,2,0
m49iy,13,13,13,13,0
m49oa,1,1,1,1,0
m49oo,2,2,2,2,0
m49uh,3,3,3,3,0
m49uw,1,1,1,1,0
m50ae,5,5,5,5,0
m50ah,2,2,2,2,0
m50aw,1,1,1,1,0
m50eh,9,9,9,9,0
m50ei,10,10,10,10,0
m50er,2,2,2,2,0
m50ih,2,2,2,2,0
m50iy,15,15,15,15,0
m50oa,1,1,1,1,0
m50oo,7,7,7,7,0
m50uh,3,3,3,3,0
m50uw,3,3,3,3,0
w01ae,13,13,13,13,0
w01ah,15,15,15,15,0
w01aw,7,7,7,7,0
w01eh,14,14,14,14,0
w01ei,14,14,14,14,0
w01er,13,13,13,13,0
w01ih,13,13,13,13,0
w01iy,14,14,14,14,0
w01oa,8,8,8,8,0
w01oo,9,9,9,9,0
w01uh,12,12,12,12,0
w01uw,15,15,15,15,0
w02ae,13,13,13,13,0
w02ah,11,11,11,11,0
w02aw,9,9,9,9,0
w02eh,12,12,12,12,0
w02ei,12,12,12,12,0
w02er,5,5,5,5,0
w02ih,11,11,11,11,0
w02iy,15,15,15,15,0
w02oa,7,7,7,7,0
w02oo,7,7,7,7,0
w02uh,10,10,10,10,0
w02uw,4,4,4,4,0
w03ae,19,19,19,19,0
w03ah,17,17,17,17,0
w03aw,9,9,9,9,0
w03eh,13,13,13,13,0
w03ei,9,9,9,9,0
w03er,3,3,3,3,0
w03ih,18,18,18,18,0
w03iy,15,15,15,15,0
w03oa,11,11,11,11,0
w03oo,13,13,13,13,0
w03uh,9,9,9,9,0
w03uw,4,4,4,4,0
w04ae,14,14,14,14,0
w04ah,16,16,16,16,0
w04aw,7,7,7,7,0
w04eh,13,13,13,13,0
w04ei,14,14,14,14,0
w04er,7,7,7,7,0
w04ih,16,16,16,16,0
w04iy,14,14,14,14,0
w04oa,6,6,6,6,0
w04oo,9,9,9,9,0
w04uh,12,12,12,12,0
w04uw,8,8,8,8,0
w05ae,13,13,13,13,0
w05ah,9,9,9,9,0
w05aw,11,11,11,11,0
w05eh,14,14,14,14,0
w05ei,16,16,16,16,0
w05er,14,14,14,14,0
w05ih,12,12,12,12,0
w05iy,12,12,12,12,0
w05oa,12,12,12,12,0
w05oo,14,14,14,14,0
w05uh,10,10,10,10,0
w05uw,14,14,14,14,0
w06ae,20,20,20,20,0
w06ah,14,14,14,14,0
w06aw,15,15,15,15,0
w06eh,13,13,13,13,0
w06ei,20,20,20,20,0
w06er,3,3,3,3,0
w06ih,13,13,13,13,0
w06iy,20,20,20,20,0
w06oa,9,9,9,9,0
w06oo,11,11,11,11,0
w06uh,15,15,15,15,0
w06uw,5,5,5,5,0
w07ae,13,13,13,13,0
w07ah,13,13,13,13,0
w07aw,6,6,6,6,0
w07eh,12,12,12,12,0
w07ei,11,11,11,11,0
w07er,12,12,12,12,0
w07ih,12,12,12,12,0
w07iy,6,6,6,6,0
w07oa,6,6,6,6,0
w07oo,6,6,6,6,0
w07uh,9,9,9,9,0
w07uw,4,4,4,4,0
w08ae,14,14,14,14,0
w08ah,14,14,14,14,0
w08aw,19,19,19,19,0
w08eh,14,14,14,14,0
w08ei,14,14,14,14,0
w08er,10,10,10,10,0
w08ih,14,14,14,14,0
w08iy,16,16,16,16,0
w08oa,8,8,8,8,0
w08oo,18,18,18,18,0
w08uh,11,11,11,11,0
w08uw,8,8,8,8,0
w09ae,17,17,17,17,0
w09ah,17,17,17,17,0
w09aw,11,11,11,11,0
w09eh,14,14,14,14,0
w09ei,1,1,1,1,0
w09er,13,13,13,13,0
w09ih,12,12,12,12,0
w09iy,12,12,12,12,0
w09oa,7,7,7,7,0
w09oo,9,9,9,9,0
w09uh,10,10,10,10,0
w09uw,7,7,7,7,0
w10ae,15,15,15,15,0
w10ah,10,10,10,10,0
w10aw,12,12,12,12,0
w10eh,13,13,13,13,0
w10ei,12,12,12,12,0
w10er,12,12,12,12,0
w10ih,15,15,15,15,0
w10iy,20,20,20,20,0
w10oa,14,14,14,14,0
w10oo,13,13,13,13,0
w10uh,16,16,16,16,0
w10uw,4,4,4,4,0
w11ae,20,20,20,20,0
w11ah,19,19,19,19,0
w11aw,5,5,5,5,0
w11eh,8,8,8,8,0
w11ei,9,9,9,9,0
w11er,5,5,5,5,0
w11ih,11,11,11,11,0
w11iy,19,19,19,19,0
w11oa,10,10,10,10,0
w11oo,8,8,8,8,0
w11uh,7,7,7,7,0
w11uw,9,9,9,9,0
w12ae,13,13,13,13,0
w12ah,11,11,11,11,0
w12aw,9,9,9,9,0
w12eh,14,14,14,14,0
w12ei,15,15,15,15,0
w12er,5,5,5,5,0
w12ih,12,12,12,12,0
w12iy,14,14,14,14,0
w12oa,9,9,9,9,0
w12oo,9,9,9,9,0
w12uh,19,19,19,19,0
w12uw,13,13,13,13,0
w13ae,12,12,12,12,0
w13ah,19,19,19,19,0
w13aw,13,13,13,13,0
w13eh,19,19,19,19,0
w13ei,10,10,10,10,0
w13er,6,6,6,6,0
w13ih,10,10,10,10,0
w13iy,10,10,10,10,0
w13oa,6,6,6,6,0
w13oo,7,7,7,7,0
w13uh,5,5,5,5,0
w13uw,6,6,6,6,0
w14ae,16,16,16,16,0
w14ah,18,18,18,18,0
w14aw,9,9,9,9,0
w14eh,14,14,14,14,0
w14ei,4,4,4,4,0
w14er,5,5,5,5,0
w14ih,9,9,9,9,0
w14iy,7,7,7,7,0
w14oa,15,15,15,15,0
w14oo,17,17,17,17,0
w14uh,13,13,13,13,0
w14uw,5,5,5,5,0
w15ae,12,12,12,12,0
w15ah,11,11,11,11,0
w15aw,16,16,16,16,0
w15eh,8,8,8,8,0
w15ei,16,16,16,16,0
w15er,7,7,7,7,0
w15ih,9,9,9,9,0
w15iy,14,14,14,14,0
w15oa,4,4,4,4,0
w15oo,7,7,7,7,0
w15uh,14,14,14,14,0
w15uw,12,12,12,12,0
w16ae,14,14,14,14,0
w16ah,17,17,17,17,0
w16aw,16,16,16,16,0
w16eh,16,16,16,16,0
w16ei,13,13,13,13,0
w16er,9,9,9,9,0
w16ih,11,11,11,11,0
w16iy,11,11,11,11,0
w16oa,14,14,14,14,0
w16oo,12,12,12,12,0
w16uh,15,15,15,15,0
w16uw,10,10,10,10,0
w17ae,10,10,10,10,0
w17ah,11,11,11,11,0
w17aw,5,5,5,5,0
w17eh,7,7,7,7,0
w17ei,9,9,9,9,0
w17er,11,11,11,11,0
w17ih,9,9,9,9,0
w17iy,14,14,14,14,0
w17oa,8,8,8,8,0
w17oo,11,11,11,11,0
w17uh,13,13,13,13,0
w17uw,12,12,12,12,0
w19ae,16,16,16,16,0
w19ah,11,11,11,11,0
w19aw,13,13,13,13,0
w19eh,20,20,20,20,0
w19ei,16,16,16,16,0
w19er,5,5,5,5,0
w19ih,9,9,9,9,0
w19iy,9,9,9,9,0
w19oa,9,9,9,9,0
w19oo,11,11,11,11,0
w19uh,12,12,12,12,0
w19uw,6,6,6,6,0
w20ae,7,7,7,7,0
w20ah,18,18,18,18,0
w20aw,4,4,4,4,0
w20eh,10,10,10,10,0
w20ei,5,5,5,5,0
w20er,10,10,10,10,0
w20ih,7,7,7,7,0
w20iy,20,20,20,20,0
w20oa,12,12,12,12,0
w20oo,6,6,6,6,0
w20uh,12,12,12,12,0
w20uw,5,5,5,5,0
w21ae,13,13,13,13,0
w21ah,12,12,12,12,0
w21aw,11,11,11,11,0
w21eh,13,13,13,13,0
w21ei,13,13,13,13,0
w21er,12,12,12,12,0
w21ih,15,15,15,15,0
w21iy,9,9,9,9,0
w21oa,10,10,10,10,0
w21oo,11,11,11,11,0
w21uh,13,13,13,13,0
w21uw,9,9,9,9,0
w22ae,8,8,8,8,0
w22ah,14,14,14,14,0
w22aw,10,10,10,10,0
w22eh,5,5,5,5,0
w22ei,11,11,11,11,0
w22er,2,2,2,2,0
w22ih,11,11,11,11,0
w22iy,8,8,8,8,0
w22oa,9,9,9,9,0
w22oo,11,11,11,11,0
w22uh,11,11,11,11,0
w22uw,10,10,10,10,0
w23ae,11,11,11,11,0
w23ah,9,9,9,9,0
w23aw,14,14,14,14,0
w23eh,10,10,10,10,0
w23ei,8,8,8,8,0
w23er,6,6,6,6,0
w23ih,10,10,10,10,0
w23iy,11,11,11,11,0
w23oa,4,4,4,4,0
w23oo,12,12,12,12,0
w23uh,7,7,7,7,0
w23uw,6,6,6,6,0
w24ae,16,16,16,16,0
w24ah,13,13,13,13,0
w24aw,10,10,10,10,0
w24eh,4,4,4,4,0
w24ei,3,3,3,3,0
w24er,6,6,6,6,0
w24ih,17,17,17,17,0
w24iy,16,16,16,16,0
w24oa,8,8,8,8,0
w24oo,7,7,7,7,0
w24uh,10,10,10,10,0
w24uw,7,7,7,7,0
w25ae,1,1,1,1,0
w25ah,15,15,15,15,0
w25aw,10,10,10,10,0
w25eh,14,14,14,14,0
w25ei,5,5,5,5,0
w25er,7,7,7,7,0
w25ih,13,13,13,13,0
w25iy,18,18,18,18,0
w25oa,8,8,8,8,0
w25oo,12,12,12,12,0
w25uh,10,10,10,10,0
w25uw,8,8,8,8,0
w26ae,16,16,16,16,0
w26ah,8,8,8,8,0
w26aw,8,8,8,8,0
w26eh,16,16,16,16,0
w26ei,11,11,11,11,0
w26er,11,11,11,11,0
w26ih,9,9,9,9,0
w26iy,19,19,19,19,0
w26oa,7,7,7,7,0
w26oo,12,12,12,12,0
w26uh,11,11,11,11,0
w26uw,9,9,9,9,0
w27ae,14,14,14,14,0
w27ah,20,20,20,20,0
w27aw,10,10,10,10,0
w27eh,14,14,14,14,0
w27ei,14,14,14,14,0
w27er,9,9,9,9,0
w27ih,20,20,20,20,0
w27iy,10,10,10,10,0
w27oa,8,8,8,8,0
w27oo,20,20,20,20,0
w27uh,20,20,20,20,0
w27uw,13,13,13,13,0
w28ae,10,10,10,10,0
w28ah,19,19,19,19,0
w28aw,11,11,11,11,0
w28eh,16,16,16,16,0
w28ei,11,11,11,11,0
w28er,7,7,7,7,0
w28ih,9,9,9,9,0
w28iy,7,7,7,7,0
w28oa,15,15,15,15,0
w28oo,13,13,13,13,0
w28uh,9,9,9,9,0
w28uw,5,5,5,5,0
w29ae,16,16,16,16,0
w29ah,10,10,10,10,0
w29aw,12,12,12,12,0
w29eh,14,14,14,14,0
w29ei,20,20,20,20,0
w29er,15,15,15,15,0
w29ih,10,10,10,10,0
w29iy,20,20,20,20,0
w29oa,11,11,11,11,0
w29oo,11,11,11,11,0
w29uh,16,16,16,16,0
w29uw,14,14,14,14,0
w30ae,10,10,10,10,0
w30ah,8,8,8,8,0
w30aw,8,8,8,8,0
w30eh,14,14,14,14,0
w30ei,20,20,20,20,0
w30er,5,5,5,5,0
w30ih,12,12,12,12,0
w30iy,16,16,16,16,0
w30oa,12,12,12,12,0
w30oo,16,16,16,16,0
w30uh,12,12,12,12,0
w30uw,15,15,15,15,0
w31ae,12,12,12,12,0
w31ah,15,15,15,15,0
w31aw,12,12,12,12,0
w31eh,10,10,10,10,0
w31ei,10,10,10,10,0
w31er,2,2,2,2,0
w31ih,10,10,10,10,0
w31iy,9,9,9,9,0
w31oa,5,5,5,5,0
w31oo,5,5,5,5,0
w31uh,18,18,18,18,0
w31uw,5,5,5,5,0
w32ae,10,10,10,10,0
w32ah,13,13,13,13,0
w32aw,11,11,11,11,0
w32eh,19,19,19,19,0
w32ei,13,13,13,13,0
w32er,6,6,6,6,0
w32ih,3,3,3,3,0
w32iy,9,9,9,9,0
w32oa,6,6,6,6,0
w32oo,6,6,6,6,0
w32uh,12,12,12,12,0
w32uw,6,6,6,6,0
w33ae,16,16,16,16,0
w33ah,16,16,16,16,0
w33aw,10,10,10,10,0
w33eh,15,15,15,15,0
w33ei,17,17,17,17,0
w33er,11,11,11,11,0
w33ih,17,17,17,17,0
w33iy,17,17,17,17,0
w33oa,12,12,12,12,0
w33oo,18,18,18,18,0
w33uh,12,12,12,12,0
w33uw,15,15,15,15,0
w34ae,11,11,11,11,0
w34ah,20,20,20,20,0
w34aw,12,12,12,12,0
w34eh,10,10,10,10,0
w34ei,20,20,20,20,0
w34er,5,5,5,5,0
w34ih,12,12,12,12,0
w34iy,12,12,12,12,0
w34oa,10,10,10,10,0
w34oo,13,13,13,13,0
w34uh,10,10,10,10,0
w34uw,7,7,7,7,0
w35ae,13,13,13,13,0
w35ah,20,20,20,20,0
w35aw,11,11,11,11,0
w35eh,14,14,14,14,0
w35ei,16,16,16,16,0
w35er,4,4,4,4,0
w35ih,11,11,11,11,0
w35iy,9,9,9,9,0
w35oa,14,14,14,14,0
w35oo,8,8,8,8,0
w35uh,10,10,10,10,0
w35uw,7,7,7,7,0
w36ae,11,11,11,11,0
w36ah,10,10,10,10,0
w36aw,6,6,6,6,0
w36eh,9,9,9,9,0
w36ei,9,9,9,9,0
w36er,6,6,6,6,0
w36ih,9,9,9,9,0
w36iy,10,10,10,10,0
w36oa,7,7,7,7,0
w36oo,11,11,11,11,0
w36uh,14,14,14,14,0
w36uw,12,12,12,12,0
w37ae,18,18,18,18,0
w37ah,14,14,14,14,0
w37aw,6,6,6,6,0
w37eh,12,12,12,12,0
w37ei,10,10,10,10,0
w37er,4,4,4,4,0
w37ih,8,8,8,8,0
w37iy,10,10,10,10,0
w37oa,7,7,7,7,0
w37oo,7,7,7,7,0
w37uh,8,8,8,8,0
w37uw,5,5,5,5,0
w38ae,11,11,11,11,0
w38ah,19,19,19,19,0
w38aw,8,8,8,8,0
w38eh,10,10,10,10,0
w38ei,10,10,10,10,0
w38er,6,6,6,6,0
w38ih,13,13,13,13,0
w38iy,10,10,10,10,0
w38oa,5,5,5,5,0
w38oo,7,7,7,7,0
w38uh,9,9,9,9,0
w38uw,10,10,10,10,0
w39ae,17,17,17,17,0
w39ah,15,15,15,15,0
w39aw,9,9,9,9,0
w39eh,14,14,14,14,0
w39ei,13,13,13,13,0
w39er,5,5,5,5,0
w39ih,12,12,12,12,0
w39iy,9,9,9,9,0
w39oa,9,9,9,9,0
w39oo,10,10,10,10,0
w39uh,9,9,9,9,0
w39uw,9,9,9,9,0
w40ae,1,1,1,1,0
w40ah,15,15,15,15,0
w40aw,12,12,12,12,0
w40eh,9,9,9,9,0
w40ei,11,11,11,11,0
w40er,4,4,4,4,0
w40ih,10,10,10,10,0
w40iy,8,8,8,8,0
w40oa,6,6,6,6,0
w40oo,4,4,4,4,0
w40uh,4,4,4,4,0
w40uw,5,5,5,5,0
w41ae,8,8,8,8,0
w41ah,10,10,10,10,0
w41aw,13,13,13,13,0
w41eh,9,9,9,9,0
w41ei,10,10,10,10,0
w41er,9,9,9,9,0
w41ih,10,10,10,10,0
w41iy,12,12,12,12,0
w41oa,7,7,7,7,0
w41oo,19,19,19,19,0
w41uh,9,9,9,9,0
w41uw,12,12,12,12,0
w42ae,10,10,10,10,0
w42ah,20,20,20,20,0
w42aw,17,17,17,17,0
w42eh,10,10,10,10,0
w42ei,6,6,6,6,0
w42er,7,7,7,7,0
w42ih,9,9,9,9,0
w42iy,16,16,16,16,0
w42oa,6,6,6,6,0
w42oo,6,6,6,6,0
w42uh,16,16,16,16,0
w42uw,9,9,9,9,0
w44ae,12,12,12,12,0
w44ah,10,10,10,10,0
w44aw,13,13,13,13,0
w44eh,12,12,12,12,0
w44ei,11,11,11,11,0
w44er,5,5,5,5,0
w44ih,18,18,18,18,0
w44iy,9,9,9,9,0
w44oa,9,9,9,9,0
w44oo,12,12,12,12,0
w44uh,10,10,10,10,0
w44uw,6,6,6,6,0
w45ae,14,14,14,14,0
w45ah,20,20,20,20,0
w45aw,17,17,17,17,0
w45eh,13,13,13,13,0
w45ei,19,19,19,19,0
w45er,4,4,4,4,0
w45ih,8,8,8,8,0
w45iy,6,6,6,6,0
w45oa,10,10,10,10,0
w45oo,9,9,9,9,0
w45uh,11,11,11,11,0
w45uw,9,9,9,9,0
w46ae,1,1,1,1,0
w46ah,9,9,9,9,0
w46aw,9,9,9,9,0
w46eh,7,7,7,7,0
w46ei,13,13,13,13,0
w46er,4,4,4,4,0
w46ih,11,11,11,11,0
w46iy,13,13,13,13,0
w46oa,6,6,6,6,0
w46oo,7,7,7,7,0
w46uh,8,8,8,8,0
w46uw,6,6,6,6,0
w47ae,13,13,13,13,0
w47ah,17,17,17,17,0
w47aw,6,6,6,6,0
w47eh,9,9,9,9,0
w47ei,10,10,10,10,0
w47er,5,5,5,5,0
w47ih,12,12,12,12,0
w47iy,9,9,9,9,0
w47oa,10,10,10,10,0
w47oo,11,11,11,11,0
w47uh,15,15,15,15,0
w47uw,15,15,15,15,0
w48ae,6,6,6,6,0
w48ah,10,10,10,10,0
w48aw,17,17,17,17,0
w48eh,7,7,7,7,0
w48ei,18,18,18,18,0
w48er,1,1,1,1,0
w48ih,16,16,16,16,0
w48iy,4,4,4,4,0
w48oa,9,9,9,9,0
w48oo,13,13,13,13,0
w48uh,8,8,8,8,0
w48uw,3,3,3,3,0
w49ae,12,12,12,12,0
w49ah,20,20,20,20,0
w49aw,10,10,10,10,0
w49eh,12,12,12,12,0
w49ei,14,14,14,14,0
w49er,6,6,6,6,0
w49ih,11,11,11,11,0
w49iy,12,12,12,12,0
w49oa,8,8,8,8,0
w49oo,11,11,11,11,0
w49uh,15,15,15,15,0
w49uw,7,7,7,7,0
w50ae,17,17,17,17,0
w50ah,18,18,18,18,0
w50aw,6,6,6,6,0
w50eh,9,9,9,9,0
w50ei,17,17,17,17,0
w50er,5,5,5,5,0
w50ih,19,19,19,19,0
w50iy,10,10,10,10,0
w50oa,15,15,15,15,0
w50oo,15,15,15,15,0
w50uh,19,19,19,19,0
w50uw,5,5,5,5,0
